<?xml version="1.0" encoding="UTF-8"?>
<project-private xmlns="http://www.netbeans.org/ns/project-private/1">
    <editor-bookmarks xmlns="http://www.netbeans.org/ns/editor-bookmarks/2" lastBookmarkId="0"/>
    <open-files xmlns="http://www.netbeans.org/ns/projectui-open-files/2">
        <group>
            <file>file:/C:/Users/Luis%20Maldonado/Documents/NetBeansProjects/Proyecto_aula/src/co/edu/unicolombo/pb20232/Equipos.java</file>
            <file>file:/C:/Users/Luis%20Maldonado/Documents/NetBeansProjects/Proyecto_aula/src/co/edu/unicolombo/pb20232/Principal.java</file>
            <file>file:/C:/Users/Luis%20Maldonado/Documents/NetBeansProjects/Proyecto_aula/src/co/edu/unicolombo/pb20232/ventanas/Masculino.java</file>
            <file>file:/C:/Users/Luis%20Maldonado/Documents/NetBeansProjects/Proyecto_aula/src/co/edu/unicolombo/pb20232/ventanas/VentanaPrincipal1.java</file>
            <file>file:/C:/Users/Luis%20Maldonado/Documents/NetBeansProjects/Proyecto_aula/src/co/edu/unicolombo/pb20232/ventanas/Registrarse.java</file>
            <file>file:/C:/Users/Luis%20Maldonado/Documents/NetBeansProjects/Proyecto_aula/src/co/edu/unicolombo/pb20232/ventanas/Ligas.java</file>
            <file>file:/C:/Users/Luis%20Maldonado/Documents/NetBeansProjects/Proyecto_aula/src/co/edu/unicolombo/pb20232/ventanas/Femenino.java</file>
        </group>
    </open-files>
</project-private>
